id,name,climate,terrain,population,event_id
1,Planet_1,Barren,Mountains,126387034,957
2,Planet_2,Tropical,Swamp,211543847,805
3,Planet_3,Tropical,Ocean,13831861,598
4,Planet_4,Tropical,Mountains,226649713,750
5,Planet_5,Arid,Desert,811442866,451
6,Planet_6,Tropical,Forest,797126938,747
7,Planet_7,Frozen,Swamp,125062964,770
8,Planet_8,Barren,Mountains,923014517,12
9,Planet_9,Tropical,Ocean,69302254,19
10,Planet_10,Tropical,Swamp,461332698,146
11,Planet_11,Arid,Ocean,30728822,953
12,Planet_12,Temperate,Desert,574192440,778
13,Planet_13,Temperate,Mountains,994694772,679
14,Planet_14,Barren,Mountains,393541139,19
15,Planet_15,Temperate,Desert,8687355,654
16,Planet_16,Tropical,Swamp,289270682,488
17,Planet_17,Arid,Mountains,149828902,645
18,Planet_18,Frozen,Swamp,993961833,76
19,Planet_19,Tropical,Swamp,905598572,630
20,Planet_20,Temperate,Ocean,49031454,32
21,Planet_21,Tropical,Desert,384066089,975
22,Planet_22,Frozen,Ocean,118444045,622
23,Planet_23,Arid,Mountains,542356834,197
24,Planet_24,Arid,Swamp,496201836,861
25,Planet_25,Temperate,Mountains,533822975,384
26,Planet_26,Arid,Desert,212362130,581
27,Planet_27,Frozen,Swamp,579612364,246
28,Planet_28,Frozen,Ocean,81923544,520
29,Planet_29,Barren,Mountains,710460557,473
30,Planet_30,Frozen,Desert,822497408,785
31,Planet_31,Tropical,Mountains,322733636,803
32,Planet_32,Barren,Ocean,592824074,934
33,Planet_33,Arid,Ocean,512051673,166
34,Planet_34,Frozen,Forest,982865254,974
35,Planet_35,Tropical,Desert,535018668,624
36,Planet_36,Tropical,Ocean,720192229,284
37,Planet_37,Temperate,Desert,52113409,5
38,Planet_38,Arid,Forest,307873797,174
39,Planet_39,Tropical,Mountains,396804623,332
40,Planet_40,Frozen,Forest,857210633,217
41,Planet_41,Tropical,Mountains,210407844,894
42,Planet_42,Frozen,Forest,77599617,910
43,Planet_43,Arid,Forest,941995473,269
44,Planet_44,Tropical,Swamp,924012841,470
45,Planet_45,Frozen,Forest,213155179,760
46,Planet_46,Tropical,Desert,38129158,977
47,Planet_47,Barren,Swamp,975316974,1
48,Planet_48,Arid,Swamp,497643030,553
49,Planet_49,Arid,Swamp,624952831,909
50,Planet_50,Tropical,Desert,594782684,294
51,Planet_51,Frozen,Swamp,96865864,262
52,Planet_52,Frozen,Ocean,49598769,144
53,Planet_53,Barren,Desert,510945399,338
54,Planet_54,Tropical,Ocean,118919393,44
55,Planet_55,Barren,Mountains,658757127,353
56,Planet_56,Barren,Swamp,988318980,665
57,Planet_57,Frozen,Swamp,496223702,908
58,Planet_58,Barren,Swamp,227736136,348
59,Planet_59,Frozen,Ocean,287925916,89
60,Planet_60,Arid,Mountains,424674912,884
61,Planet_61,Tropical,Ocean,321768233,591
62,Planet_62,Arid,Forest,295853088,157
63,Planet_63,Temperate,Forest,225757752,543
64,Planet_64,Arid,Swamp,590933708,12
65,Planet_65,Tropical,Ocean,520770351,202
66,Planet_66,Arid,Forest,91520781,913
67,Planet_67,Barren,Desert,296097715,169
68,Planet_68,Arid,Desert,388600402,49
69,Planet_69,Tropical,Mountains,597702866,467
70,Planet_70,Tropical,Mountains,254169991,359
71,Planet_71,Arid,Swamp,736281008,768
72,Planet_72,Temperate,Mountains,724364072,770
73,Planet_73,Tropical,Desert,443540793,637
74,Planet_74,Arid,Mountains,608202291,939
75,Planet_75,Temperate,Mountains,136310163,900
76,Planet_76,Temperate,Swamp,290036547,253
77,Planet_77,Barren,Forest,424765049,658
78,Planet_78,Temperate,Ocean,128692603,817
79,Planet_79,Barren,Forest,499850953,781
80,Planet_80,Barren,Ocean,622514384,30
81,Planet_81,Frozen,Forest,484063238,751
82,Planet_82,Arid,Swamp,697381013,532
83,Planet_83,Tropical,Mountains,247654545,616
84,Planet_84,Frozen,Mountains,146160065,804
85,Planet_85,Temperate,Swamp,453009475,645
86,Planet_86,Temperate,Desert,580478913,235
87,Planet_87,Tropical,Forest,158018616,291
88,Planet_88,Temperate,Desert,753302147,3
89,Planet_89,Temperate,Desert,152219903,951
90,Planet_90,Tropical,Forest,826887122,993
91,Planet_91,Temperate,Forest,352295656,907
92,Planet_92,Barren,Swamp,690787461,393
93,Planet_93,Arid,Mountains,356802003,122
94,Planet_94,Barren,Swamp,510353942,488
95,Planet_95,Barren,Ocean,912831841,768
96,Planet_96,Temperate,Forest,554414946,651
97,Planet_97,Temperate,Swamp,449934860,171
98,Planet_98,Arid,Desert,745880914,599
99,Planet_99,Tropical,Swamp,154561164,832
100,Planet_100,Barren,Ocean,424081389,576
101,Planet_101,Frozen,Swamp,77851556,819
102,Planet_102,Barren,Mountains,341239392,78
103,Planet_103,Arid,Mountains,822116521,657
104,Planet_104,Temperate,Desert,450035403,657
105,Planet_105,Tropical,Desert,741757104,955
106,Planet_106,Temperate,Desert,424689365,461
107,Planet_107,Frozen,Forest,849356691,402
108,Planet_108,Tropical,Swamp,12434572,80
109,Planet_109,Temperate,Forest,853347019,323
110,Planet_110,Barren,Mountains,371326336,852
111,Planet_111,Tropical,Swamp,665361212,628
112,Planet_112,Tropical,Ocean,785391434,574
113,Planet_113,Tropical,Swamp,417922406,415
114,Planet_114,Temperate,Swamp,101292798,43
115,Planet_115,Temperate,Desert,819620912,859
116,Planet_116,Arid,Swamp,195612462,585
117,Planet_117,Barren,Desert,918340276,9
118,Planet_118,Barren,Forest,936857326,550
119,Planet_119,Frozen,Desert,723290440,99
120,Planet_120,Tropical,Swamp,522515152,406
121,Planet_121,Temperate,Swamp,735730712,779
122,Planet_122,Arid,Desert,367546098,907
123,Planet_123,Barren,Desert,145228871,358
124,Planet_124,Frozen,Mountains,494456729,512
125,Planet_125,Tropical,Ocean,893348343,42
126,Planet_126,Frozen,Desert,460976658,811
127,Planet_127,Arid,Ocean,958511993,798
128,Planet_128,Tropical,Desert,244467717,916
129,Planet_129,Barren,Ocean,690459388,848
130,Planet_130,Arid,Ocean,842147653,464
131,Planet_131,Arid,Mountains,221817320,853
132,Planet_132,Tropical,Forest,606265093,104
133,Planet_133,Barren,Mountains,936738647,504
134,Planet_134,Temperate,Forest,807386117,966
135,Planet_135,Tropical,Ocean,215878503,648
136,Planet_136,Barren,Mountains,208667653,160
137,Planet_137,Arid,Swamp,806565797,85
138,Planet_138,Barren,Ocean,404417095,515
139,Planet_139,Frozen,Desert,958800438,570
140,Planet_140,Frozen,Mountains,469955214,387
141,Planet_141,Frozen,Desert,801291522,43
142,Planet_142,Frozen,Forest,168928347,638
143,Planet_143,Arid,Forest,922017825,468
144,Planet_144,Frozen,Swamp,21494500,333
145,Planet_145,Frozen,Forest,922421054,639
146,Planet_146,Tropical,Swamp,594101854,289
147,Planet_147,Tropical,Forest,826018001,257
148,Planet_148,Frozen,Swamp,256051996,710
149,Planet_149,Barren,Ocean,422232877,978
150,Planet_150,Frozen,Ocean,1083139,702
151,Planet_151,Temperate,Mountains,169362229,675
152,Planet_152,Tropical,Desert,861361497,434
153,Planet_153,Barren,Desert,362333190,600
154,Planet_154,Temperate,Swamp,578568307,487
155,Planet_155,Temperate,Ocean,174454379,508
156,Planet_156,Arid,Desert,817191334,503
157,Planet_157,Arid,Desert,211280449,927
158,Planet_158,Frozen,Desert,496829789,268
159,Planet_159,Tropical,Forest,388409612,380
160,Planet_160,Temperate,Swamp,872618679,323
161,Planet_161,Arid,Ocean,470086883,630
162,Planet_162,Tropical,Ocean,370496221,17
163,Planet_163,Tropical,Swamp,294040310,804
164,Planet_164,Tropical,Desert,764673572,988
165,Planet_165,Temperate,Swamp,771050650,676
166,Planet_166,Tropical,Forest,317925761,386
167,Planet_167,Tropical,Desert,387338992,449
168,Planet_168,Barren,Forest,954361358,730
169,Planet_169,Barren,Swamp,963136246,863
170,Planet_170,Tropical,Ocean,888300534,811
171,Planet_171,Tropical,Forest,154569820,126
172,Planet_172,Arid,Ocean,546979836,270
173,Planet_173,Arid,Swamp,252709621,539
174,Planet_174,Frozen,Swamp,632420532,293
175,Planet_175,Temperate,Swamp,109801327,28
176,Planet_176,Frozen,Forest,846495376,397
177,Planet_177,Arid,Desert,588410869,361
178,Planet_178,Arid,Ocean,548191148,76
179,Planet_179,Frozen,Mountains,463526525,401
180,Planet_180,Temperate,Desert,80193167,819
181,Planet_181,Barren,Desert,891804300,300
182,Planet_182,Temperate,Mountains,937693935,856
183,Planet_183,Temperate,Forest,949504801,823
184,Planet_184,Arid,Desert,108151712,127
185,Planet_185,Arid,Forest,387815404,543
186,Planet_186,Tropical,Mountains,216887790,862
187,Planet_187,Frozen,Swamp,742856564,916
188,Planet_188,Temperate,Swamp,167052942,111
189,Planet_189,Barren,Desert,734123411,815
190,Planet_190,Frozen,Forest,910278670,228
191,Planet_191,Tropical,Swamp,908278503,922
192,Planet_192,Barren,Swamp,282500918,235
193,Planet_193,Temperate,Desert,923399776,992
194,Planet_194,Arid,Swamp,269432838,847
195,Planet_195,Frozen,Mountains,260553365,7
196,Planet_196,Frozen,Mountains,494238400,188
197,Planet_197,Temperate,Forest,136376902,436
198,Planet_198,Arid,Forest,42313245,753
199,Planet_199,Tropical,Ocean,383071930,340
200,Planet_200,Arid,Ocean,996341359,547
201,Planet_201,Arid,Desert,7300620,365
202,Planet_202,Frozen,Mountains,118336228,755
203,Planet_203,Arid,Swamp,849190638,746
204,Planet_204,Frozen,Ocean,924550323,307
205,Planet_205,Temperate,Swamp,411059550,337
206,Planet_206,Frozen,Desert,181378133,360
207,Planet_207,Frozen,Ocean,683214401,839
208,Planet_208,Arid,Forest,722080407,663
209,Planet_209,Tropical,Desert,767398679,163
210,Planet_210,Arid,Ocean,165398456,649
211,Planet_211,Barren,Forest,472465443,960
212,Planet_212,Frozen,Swamp,630772792,136
213,Planet_213,Frozen,Forest,518262091,406
214,Planet_214,Frozen,Swamp,914377026,60
215,Planet_215,Arid,Mountains,905485604,910
216,Planet_216,Tropical,Desert,676260932,262
217,Planet_217,Barren,Forest,763993759,801
218,Planet_218,Arid,Swamp,462578659,744
219,Planet_219,Tropical,Desert,609938849,503
220,Planet_220,Tropical,Desert,954380006,976
221,Planet_221,Tropical,Desert,922122763,449
222,Planet_222,Arid,Mountains,176377303,522
223,Planet_223,Temperate,Swamp,478407490,286
224,Planet_224,Barren,Desert,718311447,773
225,Planet_225,Barren,Desert,881330915,399
226,Planet_226,Temperate,Desert,241507790,94
227,Planet_227,Barren,Desert,999617608,752
228,Planet_228,Frozen,Desert,547635196,300
229,Planet_229,Temperate,Forest,180035272,583
230,Planet_230,Tropical,Forest,690101083,84
231,Planet_231,Barren,Desert,306743736,603
232,Planet_232,Barren,Ocean,28046262,577
233,Planet_233,Barren,Forest,370281510,45
234,Planet_234,Barren,Swamp,74669849,101
235,Planet_235,Tropical,Ocean,138624437,127
236,Planet_236,Tropical,Ocean,774328103,956
237,Planet_237,Temperate,Ocean,685951210,325
238,Planet_238,Barren,Ocean,256598793,561
239,Planet_239,Arid,Desert,506583299,61
240,Planet_240,Tropical,Desert,337785496,566
241,Planet_241,Temperate,Ocean,869197325,695
242,Planet_242,Barren,Forest,687156926,796
243,Planet_243,Barren,Mountains,902481207,134
244,Planet_244,Tropical,Swamp,645992592,843
245,Planet_245,Frozen,Desert,462776470,256
246,Planet_246,Temperate,Mountains,85616035,445
247,Planet_247,Barren,Mountains,699166363,288
248,Planet_248,Temperate,Desert,297105342,926
249,Planet_249,Temperate,Ocean,442986039,516
250,Planet_250,Temperate,Desert,560482945,778
251,Planet_251,Temperate,Forest,782175231,277
252,Planet_252,Frozen,Ocean,346376490,859
253,Planet_253,Arid,Forest,161297708,611
254,Planet_254,Frozen,Forest,383891140,126
255,Planet_255,Arid,Mountains,36030921,304
256,Planet_256,Temperate,Ocean,528651916,188
257,Planet_257,Frozen,Ocean,113394167,306
258,Planet_258,Barren,Desert,440436227,893
259,Planet_259,Arid,Ocean,78848720,198
260,Planet_260,Arid,Mountains,532838775,478
261,Planet_261,Barren,Swamp,868717672,757
262,Planet_262,Barren,Forest,137824075,36
263,Planet_263,Temperate,Swamp,852423917,410
264,Planet_264,Barren,Mountains,77064785,225
265,Planet_265,Temperate,Forest,70684781,236
266,Planet_266,Arid,Ocean,625791326,716
267,Planet_267,Barren,Mountains,901437167,647
268,Planet_268,Barren,Swamp,73284681,851
269,Planet_269,Tropical,Desert,4047446,321
270,Planet_270,Frozen,Mountains,948271921,546
271,Planet_271,Barren,Forest,485698812,330
272,Planet_272,Frozen,Forest,426737147,14
273,Planet_273,Frozen,Desert,384134804,222
274,Planet_274,Tropical,Mountains,728216514,537
275,Planet_275,Arid,Desert,952032647,429
276,Planet_276,Frozen,Swamp,69607418,336
277,Planet_277,Barren,Mountains,744755921,876
278,Planet_278,Temperate,Mountains,416817142,674
279,Planet_279,Tropical,Swamp,111397584,989
280,Planet_280,Barren,Mountains,832102045,415
281,Planet_281,Frozen,Ocean,986114977,492
282,Planet_282,Arid,Mountains,69032835,490
283,Planet_283,Frozen,Swamp,127288912,701
284,Planet_284,Tropical,Swamp,902521350,402
285,Planet_285,Barren,Mountains,664212797,361
286,Planet_286,Barren,Mountains,847853174,855
287,Planet_287,Arid,Forest,617558694,102
288,Planet_288,Barren,Forest,690121507,55
289,Planet_289,Temperate,Forest,828666629,643
290,Planet_290,Barren,Ocean,949843002,759
291,Planet_291,Frozen,Mountains,259146992,968
292,Planet_292,Tropical,Forest,506927889,886
293,Planet_293,Tropical,Swamp,999871764,23
294,Planet_294,Barren,Mountains,989240077,446
295,Planet_295,Frozen,Mountains,90917978,287
296,Planet_296,Temperate,Forest,662312786,108
297,Planet_297,Barren,Swamp,317434870,328
298,Planet_298,Barren,Ocean,693673137,252
299,Planet_299,Temperate,Mountains,83955310,11
300,Planet_300,Frozen,Ocean,356090229,661
301,Planet_301,Barren,Ocean,63319000,305
302,Planet_302,Tropical,Swamp,325594251,774
303,Planet_303,Arid,Ocean,355879912,584
304,Planet_304,Barren,Swamp,865365,689
305,Planet_305,Temperate,Ocean,7527200,727
306,Planet_306,Arid,Swamp,824947203,84
307,Planet_307,Tropical,Mountains,547661873,435
308,Planet_308,Frozen,Ocean,981059049,608
309,Planet_309,Frozen,Mountains,837021223,535
310,Planet_310,Frozen,Desert,839584248,599
311,Planet_311,Tropical,Ocean,907643352,34
312,Planet_312,Frozen,Mountains,463017157,795
313,Planet_313,Frozen,Swamp,903069010,435
314,Planet_314,Temperate,Swamp,691182682,246
315,Planet_315,Frozen,Mountains,538274396,4
316,Planet_316,Temperate,Mountains,923486616,196
317,Planet_317,Temperate,Ocean,234968209,291
318,Planet_318,Frozen,Mountains,964747305,378
319,Planet_319,Temperate,Forest,127003986,450
320,Planet_320,Temperate,Ocean,910063976,84
321,Planet_321,Frozen,Desert,651463864,542
322,Planet_322,Tropical,Forest,112009399,705
323,Planet_323,Tropical,Swamp,681262670,971
324,Planet_324,Temperate,Forest,67007134,204
325,Planet_325,Arid,Ocean,259560690,152
326,Planet_326,Frozen,Desert,31720871,229
327,Planet_327,Temperate,Ocean,851330433,445
328,Planet_328,Barren,Mountains,886451467,263
329,Planet_329,Frozen,Forest,189111311,165
330,Planet_330,Tropical,Swamp,263318260,155
331,Planet_331,Barren,Swamp,38139322,524
332,Planet_332,Barren,Swamp,747595999,171
333,Planet_333,Tropical,Ocean,593758609,845
334,Planet_334,Arid,Swamp,748773361,495
335,Planet_335,Temperate,Forest,822685965,828
336,Planet_336,Barren,Ocean,162817190,476
337,Planet_337,Arid,Mountains,712144194,40
338,Planet_338,Arid,Swamp,584480650,193
339,Planet_339,Arid,Mountains,961351006,66
340,Planet_340,Frozen,Mountains,129071067,735
341,Planet_341,Frozen,Mountains,5776670,409
342,Planet_342,Tropical,Ocean,304458565,722
343,Planet_343,Temperate,Swamp,127493031,233
344,Planet_344,Arid,Swamp,716385767,774
345,Planet_345,Tropical,Mountains,219390477,504
346,Planet_346,Frozen,Swamp,154686517,7
347,Planet_347,Arid,Swamp,711150250,981
348,Planet_348,Temperate,Forest,291924183,308
349,Planet_349,Temperate,Forest,840440682,840
350,Planet_350,Barren,Ocean,605470026,211
351,Planet_351,Temperate,Mountains,247577855,991
352,Planet_352,Temperate,Forest,767429359,240
353,Planet_353,Temperate,Desert,573604941,530
354,Planet_354,Barren,Mountains,774918389,865
355,Planet_355,Frozen,Ocean,215123016,990
356,Planet_356,Temperate,Swamp,105520616,591
357,Planet_357,Frozen,Ocean,287074454,453
358,Planet_358,Frozen,Swamp,692067885,797
359,Planet_359,Frozen,Desert,687310983,298
360,Planet_360,Arid,Ocean,789022714,554
361,Planet_361,Arid,Forest,129283557,738
362,Planet_362,Barren,Swamp,134341747,101
363,Planet_363,Barren,Swamp,20686020,233
364,Planet_364,Temperate,Ocean,641825095,458
365,Planet_365,Frozen,Swamp,516875007,927
366,Planet_366,Frozen,Forest,404389828,237
367,Planet_367,Tropical,Mountains,182838353,390
368,Planet_368,Tropical,Desert,172010550,736
369,Planet_369,Barren,Ocean,607825598,747
370,Planet_370,Barren,Desert,520269875,776
371,Planet_371,Temperate,Ocean,744052461,141
372,Planet_372,Temperate,Swamp,134393538,414
373,Planet_373,Frozen,Desert,349885070,591
374,Planet_374,Tropical,Desert,635536369,597
375,Planet_375,Frozen,Mountains,864476753,539
376,Planet_376,Arid,Desert,378184970,439
377,Planet_377,Arid,Swamp,650340569,99
378,Planet_378,Frozen,Desert,729504858,431
379,Planet_379,Arid,Swamp,718705268,79
380,Planet_380,Arid,Swamp,583406067,500
381,Planet_381,Arid,Ocean,647627142,507
382,Planet_382,Temperate,Swamp,925460705,15
383,Planet_383,Frozen,Ocean,568075420,475
384,Planet_384,Arid,Forest,496674209,871
385,Planet_385,Tropical,Mountains,849242363,903
386,Planet_386,Temperate,Ocean,333429387,354
387,Planet_387,Temperate,Mountains,683003361,543
388,Planet_388,Tropical,Ocean,398882568,117
389,Planet_389,Barren,Mountains,830136389,876
390,Planet_390,Temperate,Mountains,605939759,634
391,Planet_391,Tropical,Ocean,116716035,479
392,Planet_392,Barren,Swamp,359813900,762
393,Planet_393,Arid,Forest,110414993,513
394,Planet_394,Temperate,Ocean,294180867,327
395,Planet_395,Frozen,Mountains,907755266,421
396,Planet_396,Arid,Ocean,457988398,709
397,Planet_397,Arid,Swamp,651460829,710
398,Planet_398,Arid,Forest,556509098,78
399,Planet_399,Tropical,Forest,258905547,655
400,Planet_400,Arid,Ocean,213984216,327
401,Planet_401,Barren,Mountains,786408349,937
402,Planet_402,Temperate,Forest,945683639,411
403,Planet_403,Temperate,Forest,595901302,440
404,Planet_404,Frozen,Desert,395567566,694
405,Planet_405,Arid,Forest,276144016,893
406,Planet_406,Barren,Swamp,407249786,79
407,Planet_407,Arid,Desert,691869919,693
408,Planet_408,Arid,Forest,184378283,493
409,Planet_409,Frozen,Ocean,218896861,734
410,Planet_410,Frozen,Desert,57494391,681
411,Planet_411,Tropical,Forest,861261135,172
412,Planet_412,Tropical,Swamp,715094697,1000
413,Planet_413,Frozen,Mountains,400265876,309
414,Planet_414,Temperate,Desert,659770217,291
415,Planet_415,Barren,Mountains,613230380,224
416,Planet_416,Temperate,Swamp,196734110,926
417,Planet_417,Barren,Swamp,845377699,570
418,Planet_418,Frozen,Swamp,775760484,340
419,Planet_419,Arid,Swamp,403927087,434
420,Planet_420,Frozen,Forest,69537196,616
421,Planet_421,Arid,Mountains,155243619,135
422,Planet_422,Tropical,Ocean,985832351,262
423,Planet_423,Frozen,Swamp,842354050,542
424,Planet_424,Frozen,Swamp,173918670,90
425,Planet_425,Arid,Ocean,242273233,767
426,Planet_426,Arid,Swamp,526914518,367
427,Planet_427,Frozen,Desert,743312821,333
428,Planet_428,Temperate,Ocean,163598336,463
429,Planet_429,Arid,Forest,562312247,237
430,Planet_430,Frozen,Forest,824776141,189
431,Planet_431,Tropical,Mountains,524903136,1
432,Planet_432,Tropical,Desert,674649419,114
433,Planet_433,Temperate,Swamp,57410724,409
434,Planet_434,Barren,Forest,446129125,801
435,Planet_435,Tropical,Desert,182374019,39
436,Planet_436,Temperate,Swamp,137131316,507
437,Planet_437,Arid,Swamp,911162953,658
438,Planet_438,Frozen,Swamp,957961473,152
439,Planet_439,Barren,Desert,482753368,647
440,Planet_440,Arid,Swamp,442387789,233
441,Planet_441,Tropical,Desert,717997158,579
442,Planet_442,Barren,Forest,343472039,248
443,Planet_443,Arid,Forest,761405128,469
444,Planet_444,Barren,Desert,818682411,233
445,Planet_445,Tropical,Desert,587761990,700
446,Planet_446,Tropical,Desert,340600529,402
447,Planet_447,Barren,Forest,804136133,753
448,Planet_448,Arid,Forest,473516357,330
449,Planet_449,Arid,Swamp,455586087,969
450,Planet_450,Arid,Ocean,670524255,708
451,Planet_451,Barren,Desert,878660108,653
452,Planet_452,Tropical,Mountains,959571277,589
453,Planet_453,Arid,Forest,718401732,420
454,Planet_454,Temperate,Forest,250304812,964
455,Planet_455,Tropical,Swamp,708322051,109
456,Planet_456,Tropical,Forest,944418726,170
457,Planet_457,Temperate,Forest,174555019,837
458,Planet_458,Frozen,Swamp,529995333,493
459,Planet_459,Barren,Swamp,738187061,554
460,Planet_460,Tropical,Mountains,507593625,235
461,Planet_461,Frozen,Ocean,79053883,72
462,Planet_462,Arid,Forest,502925361,284
463,Planet_463,Tropical,Mountains,472938768,266
464,Planet_464,Frozen,Mountains,597230045,9
465,Planet_465,Frozen,Swamp,569455906,254
466,Planet_466,Tropical,Mountains,138404060,518
467,Planet_467,Frozen,Ocean,587552602,576
468,Planet_468,Tropical,Desert,617818225,515
469,Planet_469,Barren,Forest,543031494,693
470,Planet_470,Frozen,Ocean,54915841,102
471,Planet_471,Tropical,Mountains,633290786,499
472,Planet_472,Temperate,Mountains,438018623,949
473,Planet_473,Arid,Desert,149486865,859
474,Planet_474,Temperate,Forest,730982050,88
475,Planet_475,Barren,Forest,459777806,581
476,Planet_476,Frozen,Mountains,381564165,28
477,Planet_477,Barren,Forest,109295939,241
478,Planet_478,Tropical,Mountains,898705665,143
479,Planet_479,Barren,Forest,261903411,219
480,Planet_480,Frozen,Ocean,567796790,941
481,Planet_481,Temperate,Ocean,801570563,55
482,Planet_482,Temperate,Swamp,37450247,229
483,Planet_483,Frozen,Desert,437523870,209
484,Planet_484,Tropical,Mountains,721341639,599
485,Planet_485,Tropical,Desert,469014775,50
486,Planet_486,Tropical,Desert,475571628,64
487,Planet_487,Tropical,Forest,999057115,320
488,Planet_488,Barren,Mountains,397736050,252
489,Planet_489,Temperate,Desert,880612796,139
490,Planet_490,Barren,Forest,867478914,69
491,Planet_491,Temperate,Mountains,492648970,152
492,Planet_492,Frozen,Ocean,958067447,927
493,Planet_493,Temperate,Swamp,327743661,911
494,Planet_494,Barren,Forest,447057430,719
495,Planet_495,Barren,Ocean,560129428,552
496,Planet_496,Frozen,Mountains,221952707,340
497,Planet_497,Tropical,Swamp,223471413,979
498,Planet_498,Barren,Mountains,693082241,367
499,Planet_499,Barren,Mountains,421083015,574
500,Planet_500,Tropical,Forest,747386575,961
501,Planet_501,Frozen,Swamp,486568963,495
502,Planet_502,Arid,Desert,587997220,915
503,Planet_503,Frozen,Mountains,232322458,7
504,Planet_504,Barren,Ocean,430096122,73
505,Planet_505,Tropical,Ocean,797450334,56
506,Planet_506,Frozen,Forest,788510894,873
507,Planet_507,Tropical,Mountains,470621994,118
508,Planet_508,Arid,Mountains,677111258,686
509,Planet_509,Arid,Ocean,756161735,452
510,Planet_510,Barren,Ocean,221624338,829
511,Planet_511,Temperate,Swamp,238446606,804
512,Planet_512,Arid,Ocean,875290500,788
513,Planet_513,Temperate,Ocean,680605868,620
514,Planet_514,Frozen,Desert,221797230,748
515,Planet_515,Temperate,Swamp,248085528,971
516,Planet_516,Temperate,Desert,569974447,900
517,Planet_517,Temperate,Forest,237416768,273
518,Planet_518,Arid,Forest,777164566,142
519,Planet_519,Frozen,Ocean,885414837,365
520,Planet_520,Tropical,Forest,650086526,309
521,Planet_521,Arid,Desert,960826651,279
522,Planet_522,Tropical,Forest,356768584,774
523,Planet_523,Barren,Ocean,434975264,311
524,Planet_524,Temperate,Desert,779346483,751
525,Planet_525,Frozen,Mountains,102867019,68
526,Planet_526,Tropical,Ocean,940783364,408
527,Planet_527,Tropical,Desert,209416400,223
528,Planet_528,Temperate,Mountains,643769999,131
529,Planet_529,Frozen,Ocean,51808475,625
530,Planet_530,Arid,Swamp,456770832,58
531,Planet_531,Arid,Ocean,13356558,126
532,Planet_532,Temperate,Ocean,842754460,150
533,Planet_533,Tropical,Forest,635030444,458
534,Planet_534,Barren,Desert,332031764,615
535,Planet_535,Barren,Mountains,553214286,534
536,Planet_536,Frozen,Mountains,605184480,428
537,Planet_537,Barren,Mountains,833304627,678
538,Planet_538,Arid,Swamp,273885400,78
539,Planet_539,Barren,Forest,153478763,845
540,Planet_540,Tropical,Swamp,555116478,697
541,Planet_541,Arid,Desert,377888380,402
542,Planet_542,Frozen,Swamp,479569521,605
543,Planet_543,Temperate,Forest,596865157,309
544,Planet_544,Temperate,Desert,964210883,141
545,Planet_545,Arid,Forest,902463558,611
546,Planet_546,Temperate,Mountains,595679891,839
547,Planet_547,Arid,Desert,352417793,275
548,Planet_548,Tropical,Ocean,176868252,69
549,Planet_549,Temperate,Mountains,736445706,760
550,Planet_550,Barren,Mountains,367059606,731
551,Planet_551,Tropical,Ocean,75609843,999
552,Planet_552,Frozen,Forest,785230397,694
553,Planet_553,Barren,Mountains,604434918,353
554,Planet_554,Temperate,Forest,178542304,744
555,Planet_555,Arid,Ocean,301521931,795
556,Planet_556,Tropical,Forest,620647608,949
557,Planet_557,Barren,Swamp,261491323,697
558,Planet_558,Frozen,Ocean,318407708,479
559,Planet_559,Barren,Forest,656823874,944
560,Planet_560,Barren,Ocean,83067516,722
561,Planet_561,Tropical,Forest,408014481,277
562,Planet_562,Frozen,Mountains,47390655,278
563,Planet_563,Barren,Desert,698989889,875
564,Planet_564,Barren,Ocean,513130821,97
565,Planet_565,Tropical,Desert,495318073,914
566,Planet_566,Arid,Forest,178596832,331
567,Planet_567,Frozen,Swamp,464782122,203
568,Planet_568,Arid,Desert,430993338,932
569,Planet_569,Barren,Forest,413416683,289
570,Planet_570,Arid,Ocean,23135840,342
571,Planet_571,Tropical,Swamp,773789012,627
572,Planet_572,Temperate,Swamp,38090885,594
573,Planet_573,Barren,Forest,644008128,783
574,Planet_574,Arid,Forest,613923783,372
575,Planet_575,Frozen,Forest,605142858,449
576,Planet_576,Tropical,Desert,312897514,12
577,Planet_577,Arid,Swamp,602376061,295
578,Planet_578,Tropical,Swamp,554790215,882
579,Planet_579,Tropical,Swamp,204845969,899
580,Planet_580,Arid,Forest,538180526,347
581,Planet_581,Frozen,Mountains,59063013,514
582,Planet_582,Barren,Swamp,439396323,917
583,Planet_583,Frozen,Swamp,502284317,506
584,Planet_584,Frozen,Desert,256916057,453
585,Planet_585,Barren,Mountains,904838728,550
586,Planet_586,Arid,Swamp,642683470,436
587,Planet_587,Arid,Forest,80859758,231
588,Planet_588,Tropical,Swamp,492424903,136
589,Planet_589,Temperate,Mountains,255824993,295
590,Planet_590,Frozen,Ocean,226186586,165
591,Planet_591,Temperate,Forest,787628725,277
592,Planet_592,Temperate,Forest,843449517,826
593,Planet_593,Frozen,Swamp,606531663,587
594,Planet_594,Barren,Mountains,757218485,130
595,Planet_595,Barren,Forest,677661690,778
596,Planet_596,Barren,Forest,361936213,262
597,Planet_597,Temperate,Forest,333159766,721
598,Planet_598,Frozen,Ocean,507424130,398
599,Planet_599,Barren,Swamp,355504696,439
600,Planet_600,Barren,Swamp,950873476,95
601,Planet_601,Barren,Desert,2931883,35
602,Planet_602,Tropical,Desert,218803755,328
603,Planet_603,Temperate,Swamp,323658845,58
604,Planet_604,Barren,Desert,404032300,570
605,Planet_605,Tropical,Desert,642121587,141
606,Planet_606,Frozen,Desert,848014319,677
607,Planet_607,Temperate,Ocean,443095917,629
608,Planet_608,Tropical,Swamp,897568817,598
609,Planet_609,Tropical,Ocean,493921315,965
610,Planet_610,Arid,Forest,851001081,173
611,Planet_611,Temperate,Ocean,259163888,93
612,Planet_612,Temperate,Mountains,519368105,986
613,Planet_613,Frozen,Swamp,276638433,780
614,Planet_614,Arid,Mountains,826773911,225
615,Planet_615,Frozen,Swamp,913635252,830
616,Planet_616,Frozen,Ocean,985378561,679
617,Planet_617,Temperate,Swamp,527943094,467
618,Planet_618,Arid,Ocean,583029278,630
619,Planet_619,Barren,Ocean,722631180,775
620,Planet_620,Temperate,Mountains,882337949,575
621,Planet_621,Frozen,Mountains,529119090,298
622,Planet_622,Frozen,Swamp,388682134,532
623,Planet_623,Arid,Mountains,940606534,484
624,Planet_624,Barren,Desert,690606754,823
625,Planet_625,Tropical,Forest,6018137,166
626,Planet_626,Arid,Swamp,911249755,81
627,Planet_627,Frozen,Desert,926684065,861
628,Planet_628,Frozen,Swamp,785837711,576
629,Planet_629,Frozen,Forest,291803939,436
630,Planet_630,Barren,Desert,217543022,935
631,Planet_631,Barren,Mountains,201018551,409
632,Planet_632,Barren,Desert,345402298,605
633,Planet_633,Tropical,Desert,404445167,310
634,Planet_634,Barren,Desert,115530160,534
635,Planet_635,Frozen,Desert,283703760,524
636,Planet_636,Frozen,Desert,128817153,548
637,Planet_637,Tropical,Ocean,92229089,365
638,Planet_638,Frozen,Desert,777202041,81
639,Planet_639,Arid,Mountains,937263376,358
640,Planet_640,Frozen,Mountains,290730007,977
641,Planet_641,Barren,Desert,988167175,152
642,Planet_642,Barren,Forest,572816712,116
643,Planet_643,Temperate,Forest,246690248,819
644,Planet_644,Temperate,Mountains,149855054,464
645,Planet_645,Temperate,Ocean,867084320,869
646,Planet_646,Temperate,Mountains,480833275,850
647,Planet_647,Arid,Desert,335431687,605
648,Planet_648,Arid,Forest,459692997,288
649,Planet_649,Frozen,Forest,310964496,584
650,Planet_650,Arid,Swamp,446778012,289
651,Planet_651,Tropical,Ocean,735062436,273
652,Planet_652,Tropical,Swamp,326001867,622
653,Planet_653,Arid,Mountains,651383444,213
654,Planet_654,Tropical,Mountains,647789659,492
655,Planet_655,Arid,Swamp,649096109,149
656,Planet_656,Arid,Ocean,731053883,363
657,Planet_657,Barren,Mountains,69852260,722
658,Planet_658,Frozen,Swamp,566893439,966
659,Planet_659,Barren,Desert,217438565,541
660,Planet_660,Arid,Desert,722776785,888
661,Planet_661,Barren,Swamp,441940859,516
662,Planet_662,Barren,Forest,334561891,796
663,Planet_663,Tropical,Swamp,939524075,126
664,Planet_664,Arid,Swamp,75026352,768
665,Planet_665,Tropical,Ocean,70539163,946
666,Planet_666,Temperate,Swamp,391101562,607
667,Planet_667,Tropical,Mountains,232269789,676
668,Planet_668,Barren,Desert,435211852,926
669,Planet_669,Temperate,Desert,956779609,539
670,Planet_670,Tropical,Ocean,954687891,705
671,Planet_671,Temperate,Swamp,867780174,925
672,Planet_672,Frozen,Desert,215715728,274
673,Planet_673,Arid,Swamp,825602649,113
674,Planet_674,Arid,Mountains,915493449,401
675,Planet_675,Tropical,Ocean,593242004,681
676,Planet_676,Tropical,Desert,456884232,161
677,Planet_677,Frozen,Ocean,722443207,827
678,Planet_678,Temperate,Swamp,25447972,658
679,Planet_679,Tropical,Swamp,113035195,528
680,Planet_680,Barren,Mountains,219638288,236
681,Planet_681,Tropical,Desert,212174857,885
682,Planet_682,Temperate,Swamp,71010562,885
683,Planet_683,Barren,Desert,459217505,520
684,Planet_684,Arid,Forest,454384796,845
685,Planet_685,Temperate,Forest,747650529,861
686,Planet_686,Frozen,Ocean,669482137,665
687,Planet_687,Arid,Ocean,621105298,443
688,Planet_688,Temperate,Swamp,605784948,517
689,Planet_689,Frozen,Forest,303539673,207
690,Planet_690,Arid,Mountains,299320102,591
691,Planet_691,Barren,Forest,552297646,202
692,Planet_692,Frozen,Mountains,974074562,592
693,Planet_693,Temperate,Mountains,463379766,551
694,Planet_694,Tropical,Forest,117727427,145
695,Planet_695,Tropical,Ocean,486204544,574
696,Planet_696,Arid,Ocean,452565011,306
697,Planet_697,Barren,Desert,957082942,172
698,Planet_698,Tropical,Desert,50935838,678
699,Planet_699,Tropical,Mountains,692088676,622
700,Planet_700,Tropical,Desert,241296341,946
701,Planet_701,Frozen,Mountains,339162971,31
702,Planet_702,Tropical,Swamp,957455242,80
703,Planet_703,Temperate,Swamp,143968680,552
704,Planet_704,Tropical,Swamp,580901149,195
705,Planet_705,Barren,Forest,101084526,354
706,Planet_706,Temperate,Swamp,907166474,677
707,Planet_707,Temperate,Desert,943095966,249
708,Planet_708,Barren,Forest,697243379,795
709,Planet_709,Frozen,Forest,830784519,697
710,Planet_710,Frozen,Forest,286347267,519
711,Planet_711,Frozen,Desert,284284253,419
712,Planet_712,Barren,Swamp,91790868,731
713,Planet_713,Tropical,Swamp,872749878,132
714,Planet_714,Frozen,Ocean,249316671,335
715,Planet_715,Arid,Forest,541423645,362
716,Planet_716,Temperate,Mountains,233799191,337
717,Planet_717,Frozen,Ocean,206774485,493
718,Planet_718,Frozen,Mountains,673792560,453
719,Planet_719,Arid,Mountains,561758968,442
720,Planet_720,Barren,Forest,315780043,472
721,Planet_721,Frozen,Mountains,909766098,909
722,Planet_722,Frozen,Swamp,617968941,938
723,Planet_723,Barren,Forest,109076952,6
724,Planet_724,Temperate,Forest,801513920,173
725,Planet_725,Frozen,Forest,313350041,381
726,Planet_726,Barren,Mountains,318824481,41
727,Planet_727,Frozen,Mountains,649726531,230
728,Planet_728,Tropical,Forest,559488420,235
729,Planet_729,Arid,Ocean,989001796,15
730,Planet_730,Arid,Ocean,214915672,42
731,Planet_731,Temperate,Forest,644958868,954
732,Planet_732,Temperate,Swamp,817102976,698
733,Planet_733,Arid,Ocean,665229088,303
734,Planet_734,Frozen,Desert,496338541,547
735,Planet_735,Temperate,Ocean,372205202,231
736,Planet_736,Frozen,Mountains,758860710,731
737,Planet_737,Frozen,Forest,121503621,484
738,Planet_738,Arid,Ocean,208214921,657
739,Planet_739,Tropical,Desert,549753631,605
740,Planet_740,Barren,Desert,243806792,586
741,Planet_741,Temperate,Forest,787817273,242
742,Planet_742,Arid,Forest,294892886,871
743,Planet_743,Frozen,Forest,510349440,523
744,Planet_744,Temperate,Desert,962943234,63
745,Planet_745,Temperate,Mountains,940919722,228
746,Planet_746,Arid,Forest,539531822,285
747,Planet_747,Temperate,Ocean,640933953,960
748,Planet_748,Frozen,Ocean,341404244,498
749,Planet_749,Frozen,Mountains,909179007,570
750,Planet_750,Frozen,Swamp,567859858,391
751,Planet_751,Arid,Swamp,763219608,594
752,Planet_752,Arid,Swamp,897215115,972
753,Planet_753,Tropical,Desert,642666450,393
754,Planet_754,Barren,Swamp,212910957,855
755,Planet_755,Tropical,Swamp,681605879,353
756,Planet_756,Arid,Desert,529439762,904
757,Planet_757,Temperate,Desert,758241536,540
758,Planet_758,Tropical,Swamp,689843096,321
759,Planet_759,Tropical,Desert,291521717,854
760,Planet_760,Arid,Ocean,130620814,553
761,Planet_761,Temperate,Forest,403105530,920
762,Planet_762,Temperate,Desert,933110123,951
763,Planet_763,Temperate,Forest,9395184,927
764,Planet_764,Frozen,Desert,476741822,92
765,Planet_765,Arid,Swamp,403336044,173
766,Planet_766,Temperate,Swamp,258400141,538
767,Planet_767,Frozen,Forest,921791876,146
768,Planet_768,Temperate,Forest,999223057,685
769,Planet_769,Temperate,Swamp,13138934,490
770,Planet_770,Temperate,Desert,709876786,632
771,Planet_771,Frozen,Desert,950660947,672
772,Planet_772,Frozen,Forest,305937948,384
773,Planet_773,Temperate,Desert,572974089,798
774,Planet_774,Barren,Swamp,411694520,175
775,Planet_775,Tropical,Mountains,111125378,505
776,Planet_776,Frozen,Mountains,249438098,856
777,Planet_777,Tropical,Desert,585950699,780
778,Planet_778,Tropical,Ocean,145707747,572
779,Planet_779,Temperate,Mountains,996961867,285
780,Planet_780,Barren,Ocean,889921436,697
781,Planet_781,Arid,Swamp,32508479,409
782,Planet_782,Arid,Mountains,591576900,680
783,Planet_783,Tropical,Mountains,90854491,608
784,Planet_784,Arid,Mountains,927664414,567
785,Planet_785,Frozen,Mountains,471771847,220
786,Planet_786,Frozen,Mountains,173291232,107
787,Planet_787,Barren,Swamp,840136178,44
788,Planet_788,Barren,Ocean,92571851,794
789,Planet_789,Temperate,Forest,892042341,416
790,Planet_790,Arid,Ocean,956224085,275
791,Planet_791,Tropical,Forest,765998904,608
792,Planet_792,Arid,Swamp,997158527,907
793,Planet_793,Frozen,Forest,722911897,896
794,Planet_794,Tropical,Swamp,797216803,447
795,Planet_795,Arid,Mountains,392592464,232
796,Planet_796,Temperate,Ocean,673778596,758
797,Planet_797,Barren,Mountains,147273992,963
798,Planet_798,Frozen,Mountains,457254652,77
799,Planet_799,Barren,Mountains,982829174,372
800,Planet_800,Frozen,Mountains,415722230,390
801,Planet_801,Barren,Ocean,87704129,177
802,Planet_802,Temperate,Forest,699574173,311
803,Planet_803,Temperate,Mountains,288949860,11
804,Planet_804,Tropical,Mountains,537787252,534
805,Planet_805,Temperate,Forest,652962457,275
806,Planet_806,Frozen,Forest,655495742,560
807,Planet_807,Arid,Mountains,485007020,293
808,Planet_808,Arid,Swamp,895971234,452
809,Planet_809,Tropical,Forest,801767423,849
810,Planet_810,Tropical,Ocean,686955956,367
811,Planet_811,Arid,Mountains,130827631,35
812,Planet_812,Temperate,Desert,630178667,565
813,Planet_813,Tropical,Mountains,445923096,313
814,Planet_814,Arid,Desert,181219468,979
815,Planet_815,Arid,Swamp,118448702,537
816,Planet_816,Temperate,Ocean,746811621,691
817,Planet_817,Temperate,Ocean,337897049,345
818,Planet_818,Temperate,Ocean,175702769,178
819,Planet_819,Barren,Ocean,705443704,881
820,Planet_820,Barren,Forest,481183240,437
821,Planet_821,Barren,Swamp,391104282,966
822,Planet_822,Arid,Forest,537529548,937
823,Planet_823,Frozen,Ocean,267781224,170
824,Planet_824,Frozen,Forest,348442635,868
825,Planet_825,Temperate,Forest,818992354,683
826,Planet_826,Frozen,Ocean,576433938,805
827,Planet_827,Frozen,Forest,579118602,602
828,Planet_828,Tropical,Mountains,1814717,136
829,Planet_829,Temperate,Ocean,546386221,927
830,Planet_830,Tropical,Desert,23836952,932
831,Planet_831,Frozen,Forest,534366637,15
832,Planet_832,Barren,Ocean,561569597,231
833,Planet_833,Tropical,Ocean,560023853,507
834,Planet_834,Temperate,Mountains,350435594,236
835,Planet_835,Temperate,Swamp,960612422,223
836,Planet_836,Barren,Desert,285316838,4
837,Planet_837,Temperate,Desert,882254871,698
838,Planet_838,Temperate,Swamp,564093336,50
839,Planet_839,Barren,Ocean,295160372,602
840,Planet_840,Frozen,Ocean,963215257,696
841,Planet_841,Temperate,Swamp,443845609,985
842,Planet_842,Frozen,Forest,691198311,636
843,Planet_843,Frozen,Mountains,977926238,516
844,Planet_844,Barren,Mountains,790900509,536
845,Planet_845,Barren,Ocean,141619503,43
846,Planet_846,Tropical,Forest,778542318,380
847,Planet_847,Tropical,Desert,812643109,509
848,Planet_848,Temperate,Forest,516527025,933
849,Planet_849,Temperate,Ocean,212121482,616
850,Planet_850,Frozen,Desert,361503207,665
851,Planet_851,Temperate,Ocean,472411547,526
852,Planet_852,Barren,Swamp,295274675,211
853,Planet_853,Frozen,Ocean,661405085,169
854,Planet_854,Arid,Swamp,510085061,943
855,Planet_855,Temperate,Swamp,136267317,743
856,Planet_856,Tropical,Swamp,107823828,979
857,Planet_857,Tropical,Desert,361832908,761
858,Planet_858,Arid,Mountains,737703557,718
859,Planet_859,Tropical,Desert,185757646,107
860,Planet_860,Barren,Forest,985345239,127
861,Planet_861,Barren,Ocean,435019657,261
862,Planet_862,Barren,Mountains,731491664,585
863,Planet_863,Tropical,Desert,646677098,773
864,Planet_864,Frozen,Mountains,123601516,199
865,Planet_865,Temperate,Ocean,402653908,406
866,Planet_866,Temperate,Desert,351702722,14
867,Planet_867,Arid,Ocean,488491053,29
868,Planet_868,Temperate,Swamp,274127712,680
869,Planet_869,Temperate,Forest,305693676,296
870,Planet_870,Temperate,Forest,908994635,740
871,Planet_871,Tropical,Swamp,879328719,844
872,Planet_872,Barren,Ocean,453637250,655
873,Planet_873,Tropical,Desert,738712,844
874,Planet_874,Tropical,Swamp,893719092,761
875,Planet_875,Barren,Mountains,839159950,654
876,Planet_876,Arid,Swamp,378290116,385
877,Planet_877,Tropical,Mountains,543982978,533
878,Planet_878,Barren,Mountains,220179746,627
879,Planet_879,Temperate,Forest,847612972,497
880,Planet_880,Arid,Forest,964408015,178
881,Planet_881,Barren,Forest,436093452,671
882,Planet_882,Barren,Ocean,549436860,880
883,Planet_883,Arid,Mountains,495300578,456
884,Planet_884,Barren,Mountains,178121074,149
885,Planet_885,Frozen,Forest,655782952,820
886,Planet_886,Arid,Forest,390474536,141
887,Planet_887,Tropical,Swamp,291861889,285
888,Planet_888,Arid,Ocean,332335500,838
889,Planet_889,Temperate,Forest,728739403,777
890,Planet_890,Tropical,Mountains,360538345,829
891,Planet_891,Tropical,Ocean,779316928,93
892,Planet_892,Frozen,Desert,327319124,939
893,Planet_893,Arid,Swamp,328156026,308
894,Planet_894,Temperate,Forest,817528198,519
895,Planet_895,Tropical,Forest,850416029,624
896,Planet_896,Barren,Desert,204745535,496
897,Planet_897,Tropical,Forest,829646559,35
898,Planet_898,Barren,Desert,855534799,401
899,Planet_899,Barren,Swamp,143235775,384
900,Planet_900,Barren,Swamp,335565166,121
901,Planet_901,Barren,Forest,93855002,904
902,Planet_902,Temperate,Mountains,433692483,122
903,Planet_903,Barren,Swamp,356514040,909
904,Planet_904,Frozen,Swamp,591546080,340
905,Planet_905,Arid,Desert,486483254,609
906,Planet_906,Tropical,Mountains,573978702,941
907,Planet_907,Tropical,Desert,987030587,376
908,Planet_908,Tropical,Mountains,661163423,29
909,Planet_909,Tropical,Mountains,215259624,383
910,Planet_910,Barren,Mountains,220028657,561
911,Planet_911,Barren,Mountains,316461943,440
912,Planet_912,Barren,Forest,975140133,216
913,Planet_913,Arid,Mountains,945886579,514
914,Planet_914,Arid,Desert,939223331,785
915,Planet_915,Temperate,Mountains,861015744,129
916,Planet_916,Barren,Ocean,660075241,308
917,Planet_917,Arid,Forest,608151310,276
918,Planet_918,Arid,Ocean,452952047,421
919,Planet_919,Barren,Mountains,691190098,272
920,Planet_920,Temperate,Mountains,926050474,344
921,Planet_921,Temperate,Mountains,668919643,460
922,Planet_922,Arid,Desert,455499571,993
923,Planet_923,Barren,Forest,169495346,152
924,Planet_924,Tropical,Forest,396787480,234
925,Planet_925,Barren,Mountains,727030806,892
926,Planet_926,Frozen,Mountains,139653232,251
927,Planet_927,Tropical,Forest,877220630,268
928,Planet_928,Frozen,Mountains,14219488,33
929,Planet_929,Barren,Swamp,935164656,291
930,Planet_930,Barren,Forest,533171632,128
931,Planet_931,Frozen,Swamp,468601184,682
932,Planet_932,Tropical,Ocean,747506394,794
933,Planet_933,Tropical,Mountains,576915358,13
934,Planet_934,Temperate,Forest,731517846,285
935,Planet_935,Arid,Desert,983215328,888
936,Planet_936,Frozen,Forest,478279846,527
937,Planet_937,Arid,Mountains,234383459,535
938,Planet_938,Temperate,Forest,839920125,631
939,Planet_939,Arid,Mountains,873921434,650
940,Planet_940,Frozen,Ocean,442535303,418
941,Planet_941,Arid,Ocean,122219750,933
942,Planet_942,Arid,Mountains,458050430,285
943,Planet_943,Frozen,Forest,757071758,743
944,Planet_944,Temperate,Forest,428844529,940
945,Planet_945,Frozen,Mountains,207558738,209
946,Planet_946,Temperate,Desert,358756320,536
947,Planet_947,Arid,Mountains,732772550,47
948,Planet_948,Temperate,Swamp,310563620,83
949,Planet_949,Tropical,Mountains,415561619,141
950,Planet_950,Arid,Swamp,305563090,28
951,Planet_951,Frozen,Desert,13992753,334
952,Planet_952,Temperate,Swamp,861438835,454
953,Planet_953,Frozen,Desert,79765941,915
954,Planet_954,Barren,Desert,425517643,109
955,Planet_955,Tropical,Ocean,409990324,346
956,Planet_956,Frozen,Ocean,308249704,469
957,Planet_957,Tropical,Ocean,107136613,62
958,Planet_958,Tropical,Desert,549955610,961
959,Planet_959,Temperate,Forest,977538767,761
960,Planet_960,Tropical,Ocean,524785603,66
961,Planet_961,Tropical,Mountains,524441791,672
962,Planet_962,Tropical,Mountains,901831552,229
963,Planet_963,Temperate,Ocean,604990334,794
964,Planet_964,Frozen,Desert,598340888,81
965,Planet_965,Frozen,Ocean,651904796,889
966,Planet_966,Frozen,Swamp,56700186,972
967,Planet_967,Barren,Forest,656801528,583
968,Planet_968,Arid,Desert,371732676,132
969,Planet_969,Tropical,Mountains,684587048,571
970,Planet_970,Arid,Ocean,471881170,600
971,Planet_971,Frozen,Mountains,577270905,696
972,Planet_972,Arid,Mountains,495984798,942
973,Planet_973,Arid,Mountains,691759476,903
974,Planet_974,Barren,Forest,376736066,876
975,Planet_975,Frozen,Ocean,651826211,424
976,Planet_976,Frozen,Mountains,286783137,621
977,Planet_977,Frozen,Desert,358683514,470
978,Planet_978,Barren,Forest,749470876,481
979,Planet_979,Temperate,Desert,167506697,410
980,Planet_980,Temperate,Ocean,515725090,702
981,Planet_981,Tropical,Ocean,337472406,945
982,Planet_982,Arid,Mountains,558592907,445
983,Planet_983,Temperate,Ocean,425020113,813
984,Planet_984,Barren,Swamp,320555704,537
985,Planet_985,Frozen,Swamp,961824470,926
986,Planet_986,Barren,Ocean,975327452,625
987,Planet_987,Temperate,Desert,381192089,198
988,Planet_988,Temperate,Mountains,442191702,702
989,Planet_989,Tropical,Ocean,246228465,270
990,Planet_990,Tropical,Desert,729804892,375
991,Planet_991,Barren,Swamp,858037776,259
992,Planet_992,Temperate,Swamp,412727961,78
993,Planet_993,Tropical,Ocean,239711437,954
994,Planet_994,Arid,Forest,300413048,317
995,Planet_995,Barren,Ocean,870035708,350
996,Planet_996,Frozen,Mountains,604863608,56
997,Planet_997,Tropical,Desert,932766932,177
998,Planet_998,Barren,Forest,253597241,750
999,Planet_999,Temperate,Ocean,835887914,97
1000,Planet_1000,Tropical,Ocean,980161074,921
